slug,name,city,state,website,email,confidence,source,notes,__file
moir-litigation-video-llc-albuquerque,Moir Litigation Video LLC,albuquerque,NM,https://www.moirvideo.com,moirvideo@comcast.net,high,website contact page (https://www.moirvideo.com/contact-us--schedule-depo.html),,/Users/nick/Desktop/depohire-src/src/data/listings/albuquerque.json
naegeli-deposition-trial-albuquerque,NAEGELI Deposition & Trial,albuquerque,NM,https://www.naegeliusa.com/locations/albuquerque-new-mexico,SCHEDULE@NAEGELIUSA.COM,high,website location page and New Mexico page,"Email provided for scheduling on Albuquerque location page [1] and New Mexico page [2]; no separate general contact email found, contact pages use forms.",/Users/nick/Desktop/depohire-src/src/data/listings/albuquerque.json
planet-depos-albuquerque,Planet Depos,albuquerque,NM,https://planetdepos.com/locations/new-mexico,schedulenow@planetdepos.com,high,planetdepos.com/locations/new-mexico and multiple other pages including contact and schedule-now,"This is the primary contact email listed for scheduling and general inquiries, including specifically on the New Mexico location page. No separate Albuquerque-specific email found.",/Users/nick/Desktop/depohire-src/src/data/listings/albuquerque.json
taffy-productions-albuquerque,Taffy Productions,albuquerque,NM,https://taffyproductions.com,,low,Search results show masked/redacted email addresses,"Search results indicate Taffy Productions has email addresses at taffyproductions.com domain, but specific addresses are redacted in the search results (shown as a***@taffyproductions.com and ❅❅❅❅❅@taffyproductions.com). The website contact page exists at taffyproductions.com/contact.html but the actual email address is not visible in the provided search results.",/Users/nick/Desktop/depohire-src/src/data/listings/albuquerque.json
trattel-court-reporting-albuquerque,Trattel Court Reporting,albuquerque,NM,https://trattel.com,office@Trattel.com,high,website contact page (https://trattel.com/contact/),"Email consistently listed across multiple pages including contact, schedule, and Santa Fe location.",/Users/nick/Desktop/depohire-src/src/data/listings/albuquerque.json
veritext-albuquerque,Veritext,albuquerque,NM,https://veritext.com/albuquerque/,albuquerque@veritext.com,high,https://veritext.com/albuquerque/ (Albuquerque location page),Listed directly under contact information with phone number (505) 843-9241 (scheduling),/Users/nick/Desktop/depohire-src/src/data/listings/albuquerque.json
williams-associates-court-reporting-albuquerque,Williams & Associates Court Reporting,albuquerque,NM,https://www.williamsnm.com,,high,website contact page and other sources,"No email address found on website (contact form only), legal directories, or other listings; phone and address available.",/Users/nick/Desktop/depohire-src/src/data/listings/albuquerque.json
angeldown-legal-video-services-atlanta,AngelDown Legal Video Services,atlanta,GA,https://angeldownlegal.com,Admin@angeldownlegal.com,high,website contact page (https://angeldownlegal.com/contact/),Ben@angeldownlegal.com also listed on VoyageATL interview [1] and Payne Court Reporting [3]; Admin email is primary on official contact page.,/Users/nick/Desktop/depohire-src/src/data/listings/atlanta.json
citedepos-atlanta,CiteDepos,atlanta,GA,https://www.citedepos.com,info@CiteDepos.com,high,website contact page (https://www.citedepos.com/atlanta-ga-deposition-court-reporting-services/),"Email address appears consistently across multiple pages of their website for Atlanta, GA location and general inquiries",/Users/nick/Desktop/depohire-src/src/data/listings/atlanta.json
gallo-legal-atlanta,Gallo Legal,atlanta,GA,https://www.gallo.legal,,high,website contact page (https://www.gallo.legal/contact/) and other search results,"Contact page lists 'General E-Mail: Click here to contact us.' (likely form or link); no explicit email address found across website, directories, or profiles. Phone numbers available.",/Users/nick/Desktop/depohire-src/src/data/listings/atlanta.json
janice-s-baker-associates-atlanta,Janice S. Baker & Associates,atlanta,GA,https://www.janicebakerfirm.com,,high,website contact page and other sources,"No full email address found; partial email j***@janicebakerfirm.com on ZoomInfo[2], but contact page[1] lists only phone numbers and addresses.",/Users/nick/Desktop/depohire-src/src/data/listings/atlanta.json
legal-video-services-atlanta,Legal Video Services,atlanta,GA,https://atlantalegalvideo.com,,high,website and directories searched,No contact email found on website (only phone/mailing address); partial email (n***@atlantalegalvideo.com) on ZoomInfo but not full; other results are different businesses.,/Users/nick/Desktop/depohire-src/src/data/listings/atlanta.json
milestone-reporting-company-atlanta,Milestone Reporting Company,atlanta,GA,https://milestonereporting.com,,high,website pages and directories searched,Only phone number (407) 423-9900 found repeatedly on website; no email addresses listed in any search results.,/Users/nick/Desktop/depohire-src/src/data/listings/atlanta.json
take-one-productions-atlanta,Take One Productions,atlanta,GA,https://www.topdepos.com,scheduling@topdepos.com,high,website contact page https://www.topdepos.com/contact,"This matches the provided website for Take One Productions in Atlanta, GA area (706 area code); other results are for different companies in PA or elsewhere.",/Users/nick/Desktop/depohire-src/src/data/listings/atlanta.json
veritext-legal-solutions-atlanta,Veritext Legal Solutions,atlanta,GA,https://veritext.com,atlanta@veritext.com,high,https://veritext.com/atlanta-2/ (Atlanta office page),Directly listed under Atlanta office contact info: 770-343-9696 (Direct) | 855-282-1018 (Scheduling) [email protected],/Users/nick/Desktop/depohire-src/src/data/listings/atlanta.json
bishop-legal-video-austin,Bishop Legal Video,austin,TX,https://www.bishoplegalvideo.com,tim@bishoplegalvideo.com,high,https://www.bishoplegalvideo.com/videoconference,Email listed for Tim Bishop on the business's own website.,/Users/nick/Desktop/depohire-src/src/data/listings/austin.json
central-texas-litigation-support-services-austin,Central Texas Litigation Support Services,austin,TX,https://centexlitigation.com/video-depositions/,kburrow@centexlitigation.com,high,Texas Courts certified firms list PDF [6],"Listed as contact email for Kathy Burrow, President; older BBB snippet shows [email protected] but likely redacted; no email on current website contact page.",/Users/nick/Desktop/depohire-src/src/data/listings/austin.json
art-miller-and-associates-inc-baltimore,"Art Miller and Associates, Inc",baltimore,MD,,,high,Multiple court reporter directories and sponsor listings,"Phone numbers found (410-461-..., 410-494-8300) but no email address located in search results for Art Miller and Associates, Inc in Baltimore MD area.",/Users/nick/Desktop/depohire-src/src/data/listings/baltimore.json
crc-salomon-baltimore,CRC Salomon,baltimore,MD,https://www.crcsalomon.com,info@crcsalomon.com,high,website contact page (https://www.crcsalomon.com/contact/),Email confirmed on multiple pages including reporting opportunities.,/Users/nick/Desktop/depohire-src/src/data/listings/baltimore.json
gore-brothers-reporting-video-inc-baltimore,"Gore Brothers Reporting & Video, Inc.",baltimore,MD,,,high,"Multiple directories including SignalHire [2], PeopleSmart [4], and NNRC [1]",Company website gorebrothers.com listed in sources but no email found in results; acquired by Veritext [5]; phone (410) 837-3027 repeatedly listed.,/Users/nick/Desktop/depohire-src/src/data/listings/baltimore.json
in-focus-video-productions-baltimore,In Focus Video Productions,baltimore,MD,http://www.infocusvp.com,,high,"searched website (http://www.infocusvp.com/contact.html), directories, and other sources",Contact page has a form but no visible email address; only phone 443-205-5762 listed in directories[1]. Other results are different companies.,/Users/nick/Desktop/depohire-src/src/data/listings/baltimore.json
kaplan-leaman-wolfe-baltimore,Kaplan Leaman & Wolfe,baltimore,MD,https://klwreporters.com,gwolfe@klwreporters.com,high,website locations page (https://klwreporters.com/locations/),Listed as general contact email for global reporting services; also appears on homepage.,/Users/nick/Desktop/depohire-src/src/data/listings/baltimore.json
planet-depos-baltimore,Planet Depos,baltimore,MD,https://planetdepos.com,schedulenow@planetdepos.com,high,Planet Depos Baltimore office website (planetdepos.com/locations/maryland/baltimore),"Email address listed on the Baltimore, MD office page and confirmed across multiple Planet Depos location pages and contact pages",/Users/nick/Desktop/depohire-src/src/data/listings/baltimore.json
pohlmanusa-baltimore,PohlmanUSA,baltimore,MD,https://pohlmanusa.com,calendar-pohlman@veritext.com,high,https://pohlmanusa.com/contact-us/,General contact email listed on the website's contact page; department-specific emails like records@pohlmanusa.com also available but this is the primary one shown.,/Users/nick/Desktop/depohire-src/src/data/listings/baltimore.json
veritext-baltimore,Veritext,baltimore,MD,https://veritext.com,,high,Veritext Baltimore official website (veritext.com/baltimore/),Email listed on the Baltimore office page. Alternative contact methods available: phone 410-837-3027 (direct) or 800-734-5292 (scheduling),/Users/nick/Desktop/depohire-src/src/data/listings/baltimore.json
legal-media-services-llc-boston,Legal Media Services LLC,boston,MA,https://www.legalvideonh.com/deposition-videography/massachusetts,,high,website https://www.legalvideonh.com/deposition-videography/massachusetts and subpages scanned in search results,Contact sections on the website show placeholders for email but no actual email address provided; only phone and form encouraged.,/Users/nick/Desktop/depohire-src/src/data/listings/boston.json
mvp-video-promotions-boston,MVP Video & Promotions,boston,NC,https://mvpvideopromo.com/legal-video/,,high,website search results,"MVP Video & Promotions is located in Burlington, NC (not Boston, NC). Search results show phone number (336-227-7773) and physical address (126 W. Front St. Suite 202, Burlington, NC 27215) on their website contact page, but no specific email address is provided in the available search results. The contact page includes a contact form but does not display a direct email address.",/Users/nick/Desktop/depohire-src/src/data/listings/boston.json
naegeli-deposition-trial-boston,NAEGELI Deposition & Trial,boston,MA,https://www.naegeliusa.com/locations/boston-massachusetts,schedule@naegeliusa.com,high,"Company website location pages (e.g., Springfield, Worcester)","Consistent scheduling email across multiple NAEGELI location pages; no Boston-specific email found, but appears to be company-wide contact. Main contact page uses forms only.",/Users/nick/Desktop/depohire-src/src/data/listings/boston.json
new-england-trial-services-boston,New England Trial Services,boston,MA,https://newenglandtrialservices.com/video-depositions/,,low,Search results do not contain email address; only phone number (617.894.4131) and contact form found,New England Trial Services website has a contact form but no publicly listed email address in available search results. Contact can be made via phone or website form.,/Users/nick/Desktop/depohire-src/src/data/listings/boston.json
new-england-video-depositions-boston,New England Video Depositions,boston,MA,https://www.newenglandvideodepositions.com,dan.lohaus@gmail.com,high,business website (homepage and contact page),,/Users/nick/Desktop/depohire-src/src/data/listings/boston.json
stream-productions-aka-national-video-reporters-inc-boston,"Stream Productions aka National Video Reporters, Inc.",boston,MA,,,high,"Searched websites (streamboston.com), Google Business profiles, and legal directories","Stream Productions (streamboston.com) lists phone (781) 937-9900 and address in Millbury, MA, but no email. Other sites like videoproductioncompanyboston.com have different emails but do not match the business name 'Stream Productions aka National Video Reporters, Inc.' No match found for National Video Reporters, Inc.",/Users/nick/Desktop/depohire-src/src/data/listings/boston.json
true-legal-video-boston,TRUE Legal Video,boston,MA,https://truelegalvideo.com,,high,TRUE Legal Video website (truelegalvideo.com),"Website provides phone/text contact (207.619.0338) and contact form, but no email address is publicly listed on their website or in search results",/Users/nick/Desktop/depohire-src/src/data/listings/boston.json
carolina-legal-videography-charlotte,Carolina Legal Videography,charlotte,NC,https://www.carolinalegalvideography.com,kip@carolinalv.com,high,website contact page (https://www.carolinalegalvideography.com/contact/),Email listed multiple times on the official contact page; also appears on homepage.,/Users/nick/Desktop/depohire-src/src/data/listings/charlotte.json
esquire-deposition-solutions-charlotte,Esquire Deposition Solutions,charlotte,NC,https://www.esquiresolutions.com/offices/charlotte-nc/,privacy@esquiresolutions.com,medium,website terms of use page [10],"This is a privacy email found on the terms of use page; no general contact or Charlotte-specific email found on location pages, which only list phone numbers. TSG-related email (Calendar@TSGReporting.com) appears for scheduling post-merger but not confirmed for Esquire.",/Users/nick/Desktop/depohire-src/src/data/listings/charlotte.json
morrison-video-productions-charlotte,Morrison Video Productions,charlotte,NC,https://morrisonvp.com/legal/,,high,"searched website (morrisonvp.com), new site (mvpvideopromo.com), ZoomInfo, and other listings","Contact pages provide 'Email Us' link or censored email (k***@mvpvideoandpromotions.com) but no visible email address found. Business appears rebranded to MVP Video & Promotions in Burlington, NC (not Charlotte).",/Users/nick/Desktop/depohire-src/src/data/listings/charlotte.json
mountain-multimedia-inc-charlotte,Mountain Multimedia Inc.,charlotte,NC,https://www.mountainmultimedia.net/video-depositions,jonathan@mountainmultimedia.net,high,company website (about page and homepage),"Listed alongside phone number (828) 582-7306 on https://www.mountainmultimedia.net/about and https://www.mountainmultimedia.net; business appears based in Western NC (828 area code), not Charlotte",/Users/nick/Desktop/depohire-src/src/data/listings/charlotte.json
naegeli-deposition-trial-charlotte,NAEGELI Deposition & Trial,charlotte,NC,https://www.naegeliusa.com/locations/charlotte-north-carolina,schedule@naegeliusa.com,high,company website (Raleigh NC location page),No Charlotte-specific email found; this is the general scheduling email listed for NC locations and nationwide services.,/Users/nick/Desktop/depohire-src/src/data/listings/charlotte.json
churchill-reporting-chicago,Churchill Reporting,chicago,IL,https://churchillreporting.com,Kortney@churchillreporting.com,high,ALA Chicago directory listing,"Also found schedule@churchillreporting.com on scheduling page, but this is a staff contact email.",/Users/nick/Desktop/depohire-src/src/data/listings/chicago.json
esquire-deposition-solutions-chicago,Esquire Deposition Solutions,chicago,IL,https://www.esquiresolutions.com/offices/chicago-il,Calendar@TSGReporting.com,medium,esquiresolutions.com/tsg-reporting/ page,Scheduling email for depositions; no general contact email found on Chicago-specific pages or main contact form which uses a web form instead,/Users/nick/Desktop/depohire-src/src/data/listings/chicago.json
exhibit-5-chicago,Exhibit 5,chicago,IL,https://www.exhibit5.com,info@exhibit5.com,high,website contact page (https://www.exhibit5.com/meet-the-team and https://www.exhibit5.com),General contact email listed multiple times on the official website. Individual emails like bwolin@exhibit5.com also found but general one provided.,/Users/nick/Desktop/depohire-src/src/data/listings/chicago.json
kaplan-leaman-wolfe-court-reporters-chicago,Kaplan Leaman & Wolfe Court Reporters,chicago,IL,https://klwreporters.com/locations/illinois-court-reporters,gwolfe@klwreporters.com,high,https://klwreporters.com/contact/,Email listed on the company's official contact page; no Chicago-specific email found on the Illinois locations page.,/Users/nick/Desktop/depohire-src/src/data/listings/chicago.json
lake-cook-reporting-chicago,Lake Cook Reporting,chicago,IL,https://www.lakecookreporting.com,lakecook@spreporting.com,high,website - legal videography order page and contact information,Email found on multiple pages of lakecookreporting.com including the legal video media ordering page and general contact information. Alternative scheduling email also listed as scheduling@spreporting.com,/Users/nick/Desktop/depohire-src/src/data/listings/chicago.json
mccorkle-chicago,McCorkle,chicago,IL,https://mcdeps.com,schedule@mcdeps.com,high,McCorkle website contact page (https://mcdeps.com/contact/),"Primary scheduling email. Alternative contact emails available: production@mcdeps.com (video/production), billing@mcdeps.com (billing), and individual department contacts listed on their contact page.",/Users/nick/Desktop/depohire-src/src/data/listings/chicago.json
pohlmanusa-chicago,PohlmanUSA,chicago,IL,https://pohlmanusa.com,calendar-pohlman@veritext.com,high,website contact page (https://pohlmanusa.com/contact-us/),General contact email listed on main contact page; additional department emails like scheduling@pohlmanusa.com and records@pohlmanusa.com available on records contact page,/Users/nick/Desktop/depohire-src/src/data/listings/chicago.json
urlaub-bowen-associates-chicago,Urlaub Bowen & Associates,chicago,IL,https://urlaubbowen.com,dayna@urlaubbowen.com,high,website contact page (https://urlaubbowen.com/contact-us/),Primary contact email listed prominently on contact and multiple other pages; individual staff emails also available but this appears to be the main business contact.,/Users/nick/Desktop/depohire-src/src/data/listings/chicago.json
cleveland-reporting-partners-llc-cleveland,"Cleveland Reporting Partners, LLC",cleveland,OH,https://clereporting.com,,high,website contact page and all search results,"Multiple pages mention 'email us' or 'call, email', and forms collect email addresses for contact, but no specific contact email address is listed in any source. Phone number (216) 459-7880 is prominently provided instead.",/Users/nick/Desktop/depohire-src/src/data/listings/cleveland.json
veritext-legal-solutions-cleveland,Veritext Legal Solutions,cleveland,OH,https://veritext.com,cleveland@veritext.com,high,website Cleveland location page (https://veritext.com/cleveland/),Listed alongside Cleveland office phone numbers: 216-523-1313 (direct) and 888-391-3376 (scheduling),/Users/nick/Desktop/depohire-src/src/data/listings/cleveland.json
video-discovery-inc-cleveland,"Video Discovery, Inc.",cleveland,OH,https://videodiscoveryinc.com,,high,website (videodiscoveryinc.com) and search results,"Contact form present on website with phone 216-382-1043, but no email address listed in any search results.",/Users/nick/Desktop/depohire-src/src/data/listings/cleveland.json
elliott-reporting-colorado-springs,Elliott Reporting,colorado-springs,CO,https://elliottreporting.com,office@elliottreporting.com,high,"website contact page (elliottreporting.com, elliottreporting.com/locations/, elliottreporting.com/about-us/)",,/Users/nick/Desktop/depohire-src/src/data/listings/colorado-springs.json
anderson-reporting-columbus,Anderson Reporting,columbus,OH,https://andersonreporting.com,christy@andersonreporting.com,high,website about page (https://andersonreporting.com/about/),"Email for Christy Heaney, Vice President who manages scheduling, production, and videography departments. No general contact email found on contact page or elsewhere.",/Users/nick/Desktop/depohire-src/src/data/listings/columbus.json
higgins-court-reporting-columbus,Higgins Court Reporting,columbus,OH,https://higginscourtreporting.com,Higgins@HigginsCourtReporting.com,high,website about page (https://higginscourtreporting.com/about),Listed as General Information email; also appears on homepage and other pages. Owner email Beth@HigginsCourtReporting.com also available.,/Users/nick/Desktop/depohire-src/src/data/listings/columbus.json
kentuckiana-reporters-columbus,Kentuckiana Reporters,columbus,OH,https://kentuckianareporters.com,schedule@kentuckianareporters.com,high,"website locations and contact pages (e.g. [1], [4])","Primary scheduling email listed multiple times on official site; no separate Columbus OH office found, but they cover Ohio including Cincinnati",/Users/nick/Desktop/depohire-src/src/data/listings/columbus.json
naegeli-deposition-trial-columbus,NAEGELI Deposition & Trial,columbus,OH,https://www.naegeliusa.com,,high,website contact pages [1][3],Contact pages provide phone (800) 528-3335 and forms only; no email address listed on website or in search results.,/Users/nick/Desktop/depohire-src/src/data/listings/columbus.json
tackla-court-reporting-columbus,Tackla Court Reporting,columbus,OH,http://www.tacklacourtreporting.com,info@tacklacourtreporting.com,high,website contact page (http://tacklacourtreporting.com/contact.html),"Multiple individual emails also listed on http://www.tacklacourtreporting.com/contactus.htm, but info@ is the general contact.",/Users/nick/Desktop/depohire-src/src/data/listings/columbus.json
the-ohio-reporting-company-columbus,The Ohio Reporting Company,columbus,OH,https://ohioreporters.com,schedule@yourdepos.com,high,website contact page (https://ohioreporters.com/contact-us/) and locations page,"Business located in Cincinnati, OH (not Columbus), but matches 'Ohio Reporting Company' and website; no Columbus-specific office or separate email found.",/Users/nick/Desktop/depohire-src/src/data/listings/columbus.json
naegeli-deposition-trial-dallas,NAEGELI Deposition & Trial,dallas,VA,https://www.naegeliusa.com/locations/arlington-virginia-court-reporters,scheduling@naegeliusa.com,high,Arizona Courts PDF directory listing for Naegeli Deposition and Trial,"No location-specific email found for Dallas/Arlington, VA; this is the scheduling email from their Arizona office listing. Website uses contact forms and phone (800) 528-3335, no direct emails on VA pages.",/Users/nick/Desktop/depohire-src/src/data/listings/dallas.json
2-rivers-multimedia-denver,2 Rivers Multimedia,denver,CO,https://www.2riversmultimedia.com,rebecca@2riversmultimedia.com,high,website contact page (https://www.2riversmultimedia.com/?page_id=11),"Multiple emails listed on contact page: rebecca@2riversmultimedia.com, jeremy@2riversmultimedia.com, 2riversvp@gmail.com; selected primary one; also confirmed in legal directory [1]",/Users/nick/Desktop/depohire-src/src/data/listings/denver.json
esquire-deposition-solutions-denver,Esquire Deposition Solutions,denver,CO,https://www.esquiresolutions.com/offices/denver-co/,,high,"website pages including Denver office, contact form, office locations, and directories",No email address found; contact via phone (303.316.0330 for Denver) or website contact form only.,/Users/nick/Desktop/depohire-src/src/data/listings/denver.json
naegeli-deposition-trial-denver,NAEGELI Deposition & Trial,denver,CO,https://www.naegeliusa.com/locations/denver-colorado,,high,"searched website pages, BBB, BOTW, and directories","No email address found in any search results; only phone numbers (720-880-7529, 800-528-3335) listed. Contact forms present on website.",/Users/nick/Desktop/depohire-src/src/data/listings/denver.json
pike-reporting-company-denver,Pike Reporting Company,denver,CO,https://pikereporting.com,schedule@yournextdepo.com,high,pikereporting.com/our-locations/ page,Also listed delaney@yournextdepo.com and alex.souders@yournextdepo.com in directory listings; no general contact email on main contact page.,/Users/nick/Desktop/depohire-src/src/data/listings/denver.json
preston-benson-legal-video-denver,Preston Benson Legal Video,denver,CO,https://prestonbenson.com,info@prestonbenson.com,high,website contact page (prestonbenson.com/wedding_inquiry/),"Preston Benson Videography is based in Durango, Colorado, not Denver. The business offers video production services including wedding videography, corporate videos, and video depositions. The email was found on their wedding inquiry form page.",/Users/nick/Desktop/depohire-src/src/data/listings/denver.json
rocky-mountain-reporting-denver,Rocky Mountain Reporting,denver,CO,https://www.rmreporting.com,,high,website (rmreporting.com) and search results,Contact pages [3] and [5] show a contact form with Email* field but no visible email address; only phone numbers provided (720.669.8807). No email found in other sources.,/Users/nick/Desktop/depohire-src/src/data/listings/denver.json
cain-crane-court-reporters-detroit,Cain & Crane Court Reporters,detroit,MI,https://cainandcrane.com,depos@cainandcrane.com,high,website schedule page (https://cainandcrane.com/schedule-reporter/),Primary email for deposition notices; no general contact email found on site. Business has NC base but Detroit presence.,/Users/nick/Desktop/depohire-src/src/data/listings/detroit.json
core-litigation-support-llc-detroit,"Core Litigation Support, LLC",detroit,MI,https://corelitigation.com,deps@corelitigation.com,high,website contact page (corelitigation.com/contact-us/) and company directory listings,"Email address appears consistently across multiple sources including the official website contact page, ZoomInfo, and SignalHire business profiles",/Users/nick/Desktop/depohire-src/src/data/listings/detroit.json
fortz-legal-support-detroit,Fortz Legal Support,detroit,MI,https://www.fortzlegal.com,scheduling@fortzlegal.com,high,website FAQs page (https://www.fortzlegal.com/faqs),Primary contact for scheduling court reporters and services; additional email shaun@fortzlegal.com found for owner in external directory [5],/Users/nick/Desktop/depohire-src/src/data/listings/detroit.json
hanson-renaissance-court-reporting-detroit,Hanson Renaissance Court Reporting,detroit,MI,https://hansonreporting.com,info@hansonreporting.com,high,Michigan State Court Administrative Office Registered Firms Directory (courts.michigan.gov) and Hanson Renaissance Court Reporting website,Email address appears in official state court reporting registry dated 2/9/2026 and is listed on the company's contact pages,/Users/nick/Desktop/depohire-src/src/data/listings/detroit.json
moretti-group-detroit,Moretti Group,detroit,MI,https://morettigroup.info,pmoretti@morettigroup.net,high,Michigan Courts registered court reporting firms PDF (result [6]),"Listed under MORETTI GROUP, KALAMAZOO, MI with phone 2693430118. Matches business from website morettigroup.info.",/Users/nick/Desktop/depohire-src/src/data/listings/detroit.json
obrien-bails-reporting-detroit,O'Brien & Bails Reporting,detroit,MI,https://obrienandbails.com,,high,website contact page and Michigan court reporting firms registry,"Website says 'email us HERE' (likely a link/form, no visible address); Michigan registry lists phone only for firm ID 8029.",/Users/nick/Desktop/depohire-src/src/data/listings/detroit.json
planet-depos-detroit,Planet Depos,detroit,MI,https://planetdepos.com,schedulenow@planetdepos.com,high,planetdepos.com/locations/michigan and multiple other pages,Primary scheduling email listed for Michigan location and general contact; media contact@planetdepos.com also found but schedulenow is more prominent for services.,/Users/nick/Desktop/depohire-src/src/data/listings/detroit.json
pohlmanusa-detroit,PohlmanUSA,detroit,MI,https://pohlmanusa.com,calendar-pohlman@veritext.com,high,website contact page https://pohlmanusa.com/contact-us/,General contact email listed on main contact page. Multiple department-specific emails like records@pohlmanusa.com and info@pohlmanusa.wpenginepowered.com also found on other pages.,/Users/nick/Desktop/depohire-src/src/data/listings/detroit.json
veritext-detroit,Veritext,detroit,MI,https://veritext.com,,low,Veritext website search results,"Search results show general contact information (info@veritext.com, calendar-midwest@veritext.com for Mount Clemens office) but no specific Detroit, MI office email address was found. Jared Goldman is listed as an Account Executive in Detroit area, but his direct email was not provided in search results. Recommend contacting main office or calling local Detroit area number for specific Detroit office contact.",/Users/nick/Desktop/depohire-src/src/data/listings/detroit.json
associated-court-reporters-acr-houston,Associated Court Reporters (ACR),houston,TX,https://acrtx.com/legal-video/,scheduling@acrtx.com,high,website contact page (https://acrtx.com/contact-us/),,/Users/nick/Desktop/depohire-src/src/data/listings/houston.json
depotech-legal-services-llc-houston,DepoTech Legal Services LLC,houston,TX,https://www.depotech.legal/legal-videography,donna@depotech.legal,high,DepoTech Legal Services official website (depotech.legal),"Email address appears consistently across multiple pages of their website including About Us, Courtroom Support, and homepage. Also listed as primary contact method alongside phone numbers (936) 634-4475 and (866) 474-1430.",/Users/nick/Desktop/depohire-src/src/data/listings/houston.json
depovision-video-houston,DepoVision Video,houston,TX,https://www.depovisionvideo.com,info@depovisionvideo.com,high,website contact page https://www.depovisionvideo.com/contact,"Business serves Austin and San Antonio TX areas; no Houston-specific email found, but matches the provided website.",/Users/nick/Desktop/depohire-src/src/data/listings/houston.json
esquire-deposition-solutions-houston,Esquire Deposition Solutions,houston,TX,https://www.esquiresolutions.com/services/legal-videography/,anna.homeyer@esquiresolutions.com,high,Houston Metropolitan Paralegal Association member profile [2],Email for Anna Homeyer at Esquire Deposition Solutions Houston office. No general contact email found on company website; primarily phone numbers and forms provided.,/Users/nick/Desktop/depohire-src/src/data/listings/houston.json
hanna-hanna-reporting-houston,Hanna & Hanna Reporting,houston,TX,https://hannareporting.com/what-is-legal-videography/,calendar@hannareporting.com,high,press releases on sophiapressreleases.com and goldenpressreleases.com,Listed as contact email in multiple Hanna & Hanna announcements; slight spelling variation 'calender' in one source but consistent domain.,/Users/nick/Desktop/depohire-src/src/data/listings/houston.json
ross-reporting-services-inc-houston,Ross Reporting Services Inc.,houston,TX,https://rossreporting.com/legal-video-services/,angie@rossreporting.com,high,Texas Courts PDF list of firms [8],Listed in official Texas Courts directory from 2015; website repeatedly says 'EMAIL US' but no address visible there,/Users/nick/Desktop/depohire-src/src/data/listings/houston.json
shauna-beach-company-houston,Shauna Beach Company,houston,TX,https://shaunabeach.com/services/legal-videographers,shaunabeach@shaunabeach.com,high,website about-us page,"Found on Shauna Beach's profile; other emails include production@shaunabeach.com, calendar@shaunabeach.com, billing@shaunabeach.com, johnbeach@shaunabeach.com",/Users/nick/Desktop/depohire-src/src/data/listings/houston.json
circle-city-reporting-indianapolis,Circle City Reporting,indianapolis,IN,https://circlecityreporting.com/court-reporter-services/,ccr@circlecityreporting.com,high,website contact page (circlecityreporting.com/contact-us/),"Email address appears consistently across multiple pages on their official website including contact page, office page, and deposition scheduling page",/Users/nick/Desktop/depohire-src/src/data/listings/indianapolis.json
holm-court-reporting-and-video-indianapolis,Holm Court Reporting and Video,indianapolis,IN,https://holmreporting.com,info@holmreporting.com,high,website contact page (holmreporting.com/contact/),"Holm Court Reporting and Video is located in Fort Wayne, IN, not Indianapolis, IN. Email found on their official contact page and homepage.",/Users/nick/Desktop/depohire-src/src/data/listings/indianapolis.json
kentuckiana-reporters-indianapolis,Kentuckiana Reporters,indianapolis,IN,https://www.kentuckianareporters.com/indianapolis-in-court-reporters/,schedule@kentuckianareporters.com,high,"website (Terre Haute page, used company-wide)","No email on Indianapolis-specific page [1], but scheduling email explicitly listed on sister location page [2] with same phone number; consistent across company sites.",/Users/nick/Desktop/depohire-src/src/data/listings/indianapolis.json
naegeli-deposition-trial-indianapolis,NAEGELI Deposition & Trial,indianapolis,IN,https://www.naegeliusa.com/locations/indianapolis-indiana,SCHEDULE@NAEGELIUSA.COM,high,Company website (multiple location pages),"This is the scheduling email listed repeatedly across NAEGELI's site, including Indiana-related pages; no location-specific email found for Indianapolis.",/Users/nick/Desktop/depohire-src/src/data/listings/indianapolis.json
stewart-richardson-associates-indianapolis,Stewart Richardson & Associates,indianapolis,IN,https://stewartrichardson.com,info@stewartrichardson.com,high,website contact page and FAQ page,"General contact email found on multiple pages of their official website. Specific staff emails also available: rose@stewartrichardson.com (President & Owner), tawnia@stewartrichardson.com (Production Manager), bryan@stewartrichardson.com (Production Assistant), haley@stewartrichardson.com (Office Manager), cortney@stewartrichardson.com (Client Care Manager)",/Users/nick/Desktop/depohire-src/src/data/listings/indianapolis.json
veritext-indianapolis,Veritext,indianapolis,IN,https://veritext.com/indianapolis/,indianapolis@veritext.com,high,https://veritext.com/indianapolis/ (Indianapolis office page),Listed directly on the Indianapolis-specific page alongside phone numbers.,/Users/nick/Desktop/depohire-src/src/data/listings/indianapolis.json
video-mvp-indianapolis,Video MVP,indianapolis,IN,https://www.videomvp.com/legal-video-production-indianapolis.html,,high,website pages and BBB profile,"Multiple pages including contact.html, shop-small.html, and homepage feature 'Email Us' links or buttons, but no explicit email address is listed in the search results. BBB mentions 'Additional Email Addresses' and 'Email this Business' options without specifying the address.",/Users/nick/Desktop/depohire-src/src/data/listings/indianapolis.json
alpha-reporting-video-kansas-city,Alpha Reporting & Video,kansas-city,MO,https://www.alphareportingservice.com,Scheduling@alphareportingservice.com,high,DepoSpan directory (depospan.com/alpha-reporting-service/),"Primary scheduling email listed. Additional email Kyle@alphareportingservice.com found on website contact page [2]. Business primarily in Springfield/Joplin MO, not Kansas City.",/Users/nick/Desktop/depohire-src/src/data/listings/kansas-city.json
hartford-reporting-technology-kansas-city,Hartford Reporting & Technology,kansas-city,MO,https://hartfordreporting.com,scheduling@hartfordreporting.com,high,website contact page (https://hartfordreporting.com/contact/) and homepage,"Multiple pages confirm this as the primary contact email. Individual staff email (ccampbell@hartfordreporting.com) also found in external directory, but scheduling@ is for general inquiries. Business located in Clayton, MO (St. Louis area), serves Kansas City region.",/Users/nick/Desktop/depohire-src/src/data/listings/kansas-city.json
norris-legal-video-llc-kansas-city,"Norris Legal Video, LLC",kansas-city,MO,https://norrislegalvideo.com,,high,website (https://norrislegalvideo.com) and other search results,"Contact form present on website with phone numbers (417) 773-5680 for Andrew Norris (Kansas City, MO) and (417) 773-7805 for Sid Norris, but no email address listed in any results.",/Users/nick/Desktop/depohire-src/src/data/listings/kansas-city.json
ots-video-kansas-city,OTS Video,kansas-city,MO,https://www.otsvideo.com,calendar@otsvideo.com,high,"website (otsvideo.com/videographers, otsvideo.com, otsvideo.com/services)","Listed multiple times as 'calendar@otsvideo.com' or 'calender@otsvideo.com' (likely typo); appears to be the primary contact email on employment, services, and homepage sections.",/Users/nick/Desktop/depohire-src/src/data/listings/kansas-city.json
planet-depos-kansas-city,Planet Depos,kansas-city,MO,https://planetdepos.com/locations/missouri,schedulenow@planetdepos.com,high,Planet Depos official website - Missouri locations page and contact page,"This is the general scheduling and contact email for Planet Depos. No Kansas City, MO-specific email address was found in the search results. The company operates 24/7/365 and can be reached at 888.433.3767 for urgent matters.",/Users/nick/Desktop/depohire-src/src/data/listings/kansas-city.json
pohlman-usa-kansas-city,Pohlman USA,kansas-city,MO,https://pohlmanusa.com/st-louis-court-reporter-services/,calendar-pohlman@veritext.com,high,website contact page (https://pohlmanusa.com/contact-us/),Primary general contact email listed on the official contact page; specific department emails like scheduling@pohlmanusa.com also available on records contact page,/Users/nick/Desktop/depohire-src/src/data/listings/kansas-city.json
caption-legal-las-vegas,Caption Legal,las-vegas,NV,https://captionlegal.com/las-vegas-nv,schedule@captionlegal.com,high,Caption Legal website (multiple pages including Las Vegas NV page),Consistently listed across site including https://captionlegal.com/las-vegas-nv; also admin@captionlegal.com mentioned on main site but schedule@ is primary contact,/Users/nick/Desktop/depohire-src/src/data/listings/las-vegas.json
e-depositions-llc-las-vegas,E-Depositions LLC,las-vegas,NV,https://e-depositions.com,info@e-depositions.com,high,website contact page (https://e-depositions.com/contact-us/),Also listed on https://e-depositions.com/corona-virus-and-depositions-what-to-do/ and State Bar of Nevada directory (Jason@e-depositions.com for contact),/Users/nick/Desktop/depohire-src/src/data/listings/las-vegas.json
envision-legal-solutions-las-vegas,Envision Legal Solutions,las-vegas,NV,https://envision.legal,scheduling@envision.legal,high,website contact page (https://envision.legal/contact-us/) and Nevada Court Reporting Firm Directory,"Multiple emails confirmed: scheduling@envision.legal, monice@envision.legal, Ken@envision.legal",/Users/nick/Desktop/depohire-src/src/data/listings/las-vegas.json
esquire-deposition-solutions-las-vegas,Esquire Deposition Solutions,las-vegas,NV,https://www.esquiresolutions.com/court-reporting-in-las-vegas/,,high,Esquire Deposition Solutions website search results,No direct email address found in search results. Las Vegas office phone: 702.382.8778. General inquiry email mentioned: Calendar@TSGReporting.com (for scheduling depositions). Contact form available at https://www.esquiresolutions.com/about-us/contact-us/,/Users/nick/Desktop/depohire-src/src/data/listings/las-vegas.json
las-vegas-legal-video-las-vegas,Las Vegas Legal Video,las-vegas,NV,https://www.lasvegaslegalvideo.com,,low,website contact page and employee directory sources,"Las Vegas Legal Video's website contact page (lasvegaslegalvideo.com/contact/) does not display a specific email address, only a phone number (702-655-5858) and contact form. LeadIQ indicates their email format is First@lasvegaslegalvideo.com, but no specific contact email address was found in the search results. ZoomInfo references an employee directory but does not provide accessible email addresses in the search results.",/Users/nick/Desktop/depohire-src/src/data/listings/las-vegas.json
planet-depos-las-vegas,Planet Depos,las-vegas,NV,https://planetdepos.com/locations/nevada,schedulenow@planetdepos.com,high,https://planetdepos.com/locations/nevada/las-vegas (Las Vegas location page),Primary scheduling email listed multiple times on the Las Vegas-specific page; also appears on main contact page.,/Users/nick/Desktop/depohire-src/src/data/listings/las-vegas.json
reno-legal-video-las-vegas,Reno Legal Video,las-vegas,NV,https://renolegalvideo.com,Mike@renolegalvideo.com,high,https://renolegalvideo.com/contact-us/,,/Users/nick/Desktop/depohire-src/src/data/listings/las-vegas.json
veritext-reno-las-vegas,Veritext Reno,las-vegas,NV,https://veritext.com/reno-court-reporting/,,high,Veritext Reno court reporting website (https://veritext.com/reno-court-reporting/),,/Users/nick/Desktop/depohire-src/src/data/listings/las-vegas.json
barrett-reporting-los-angeles,Barrett Reporting,los-angeles,CA,https://barrettreporting.com/videography/,schedule@barrettreporting.com,high,https://barrettreporting.com/schedule-a-deposition/,Primary scheduling email listed on their official website; general contact form on contact page but no generic email visible; megan@barrettreporting.com mentioned for virtual depo training.,/Users/nick/Desktop/depohire-src/src/data/listings/los-angeles.json
best-evidence-video-productions-llc-los-angeles,"Best Evidence Video Productions, LLC",los-angeles,CA,https://www.bestevidencevideo.com,bestevidence@gmail.com,high,website contact page (https://www.bestevidencevideo.com/contact-us) and who we are page (https://www.bestevidencevideo.com/who),,/Users/nick/Desktop/depohire-src/src/data/listings/los-angeles.json
california-deposition-reporters-inc-los-angeles,California Deposition Reporters Inc.,los-angeles,CA,https://www.caldepo.com,jamie@caldepo.com,high,Official website (caldepo.com) and business directory listings,Email address appears consistently across multiple sources including the official website contact page and business directories. Alternative contact: javier@caldepo.com also listed on website.,/Users/nick/Desktop/depohire-src/src/data/listings/los-angeles.json
esquire-deposition-solutions-los-angeles,Esquire Deposition Solutions,los-angeles,CA,https://www.esquiresolutions.com/services/legal-videography/,,low,Esquire Deposition Solutions website search results,"Search results show general contact methods (phone: 800.211.3376, online contact form at esquiresolutions.com/about-us/contact-us/) and an email format pattern (FLast@esquiresolutions.com) from LeadIQ, but no specific contact email address for the Los Angeles location was found in the provided search results. The website directs users to use the contact form or call for assistance.",/Users/nick/Desktop/depohire-src/src/data/listings/los-angeles.json
first-legal-depositions-los-angeles,First Legal Depositions,los-angeles,CA,https://www.firstlegal.com/depositions-services/legal-videography/,,high,"searched website pages including locations, FAQ, email-us, and depositions services","Multiple department emails found (e.g., calendar@firstlegal.com, efiling@firstlegal.com, clientcare@firstlegal.com) but no general contact or LA-specific email.",/Users/nick/Desktop/depohire-src/src/data/listings/los-angeles.json
lexitas-los-angeles,Lexitas,los-angeles,CA,https://www.lexitaslegal.com/solutions/legal-video-services,,high,"searched website pages and locations (results [1],[2],[3],[4],[5],[6],[7])","Multiple phone numbers found for LA locations (e.g., (855) 777-7865), but no contact email listed on main site or LA-specific pages. Castlecopy emails in [2] appear related to a different service (subpoena/document).",/Users/nick/Desktop/depohire-src/src/data/listings/los-angeles.json
planet-depos-los-angeles,Planet Depos,los-angeles,CA,https://planetdepos.com/locations/california,schedulenow@planetdepos.com,high,Planet Depos Los Angeles location page (https://planetdepos.com/locations/california/los-angeles) and contact page,Listed prominently for scheduling and general contact on location-specific and main contact pages.,/Users/nick/Desktop/depohire-src/src/data/listings/los-angeles.json
team-legal-inc-los-angeles,"Team Legal, Inc.",los-angeles,CA,https://www.teamlegalinc.com/our-services/deposition-videography/index.html,scv@teamlegalinc.com,high,website contact page (https://www.teamlegalinc.com/contact-us/index.html),"Email found on Team Legal, Inc.'s official contact page. This is their primary contact email for their Santa Clarita and regional offices.",/Users/nick/Desktop/depohire-src/src/data/listings/los-angeles.json
todd-olivas-associates-los-angeles,Todd Olivas & Associates,los-angeles,CA,https://www.toddolivas.com/videography-services.asp,Calendar@ToddOlivas.com,high,website contact page (https://www.toddolivas.com/contact.asp),,/Users/nick/Desktop/depohire-src/src/data/listings/los-angeles.json
coulter-reporting-llc-louisville,Coulter Reporting LLC,louisville,KY,https://www.coulterreporting.com,rcoulter@coulterreporting.com,high,Kentucky Court Reporters Association member profile,"Richard Coulter is listed as the firm owner. An employment contact email (ecoulter@coulterreporting.com) for Ellen Coulter is also mentioned on their employment opportunities page, but rcoulter@coulterreporting.com appears to be the primary business contact.",/Users/nick/Desktop/depohire-src/src/data/listings/louisville.json
esquire-deposition-solutions-louisville,Esquire Deposition Solutions,louisville,KY,https://www.esquiresolutions.com/states/kentucky/,Calendar@TSGReporting.com,medium,website page for TSG Reporting (esquiresolutions.com/tsg-reporting/),This is a scheduling email mentioned on their site; no general contact email found for Louisville KY office. Primarily phone numbers provided across sources.,/Users/nick/Desktop/depohire-src/src/data/listings/louisville.json
kentuckiana-court-reporters-louisville,Kentuckiana Court Reporters,louisville,KY,https://www.kentuckianareporters.com,,high,"website pages and directories searched (e.g. homepage, locations, staff, scheduling form)",No contact email address found in any search results; phone (502) 584-0119 and toll-free 1-877-808-5856 listed repeatedly on website.,/Users/nick/Desktop/depohire-src/src/data/listings/louisville.json
kentucky-court-reporters-louisville,Kentucky Court Reporters,louisville,KY,https://kentucky-court-reporters.com,schedule@kyreporting.com,high,Kentucky Court Reporters official website (kentucky-court-reporters.com/about/),Email found on the About Us page of their website. This appears to be their scheduling/general contact email address.,/Users/nick/Desktop/depohire-src/src/data/listings/louisville.json
migliore-associates-llc-louisville,Migliore & Associates LLC,louisville,KY,https://miglioreassociates.com,,high,website (miglioreassociates.com) and other directories,No contact email found on the business website pages [3][6] or in search results including BBB [9]; only phone (502) 241-7557 listed on BBB.,/Users/nick/Desktop/depohire-src/src/data/listings/louisville.json
planet-depos-louisville,Planet Depos,louisville,KY,https://planetdepos.com/locations/kentucky,schedulenow@planetdepos.com,high,website location page https://planetdepos.com/locations/kentucky,Primary scheduling email listed multiple times on Kentucky page and across site; media contact emails like contact@planetdepos.com also appear but schedulenow is location-specific.,/Users/nick/Desktop/depohire-src/src/data/listings/louisville.json
taylor-court-reporters-louisville,Taylor Court Reporters,louisville,KY,https://taylorcourtreporters.com,linda@taylorcourtreporters.com,high,Taylor Court Reporters website FAQ page,"Email found on their cancellation policy page. General contact method also available via 'Email Us' links on their website, though specific email address not listed on main contact page.",/Users/nick/Desktop/depohire-src/src/data/listings/louisville.json
todd-associates-reporting-inc-louisville,"Todd & Associates Reporting, Inc.",louisville,KY,https://www.toddreporting.com,toddreporting@gmail.com,high,Kentucky Court Reporters Association member profile,"Listed as e-Mail for Jolinda Todd of Todd & Associates Reporting, Inc. Website contact page has a form but no visible email address.",/Users/nick/Desktop/depohire-src/src/data/listings/louisville.json
veritext-memphis,Veritext,memphis,TN,https://veritext.com/memphis/,memphis@veritext.com,high,website contact page (https://veritext.com/memphis/),Directly listed under Memphis location details with phone numbers.,/Users/nick/Desktop/depohire-src/src/data/listings/memphis.json
action-video-productions-inc-miami,Action Video Productions Inc.,miami,FL,https://actionvideoproductionsinc.com,Scheduling@actionvideoproductionsinc.com,high,website homepage (https://actionvideoproductionsinc.com),,/Users/nick/Desktop/depohire-src/src/data/listings/miami.json
courtscribes-miami,CourtScribes,miami,FL,https://courtscribes.com/deposition-videography-in-florida/,info@courtscribes.com,high,website contact page (scheduling.courtscribes.com/contact-us),"Multiple official emails found: info@courtscribes.com (general), scheduling@courtscribes.com, billing@courtscribes.com. Selected general contact email.",/Users/nick/Desktop/depohire-src/src/data/listings/miami.json
lexitas-miami,Lexitas,miami,FL,https://www.lexitaslegal.com/locations/miami,,high,"Lexitas legal website (multiple pages including contact, Miami location, and general inquiries)","No contact email address found across website pages, locations, or directories; only phone numbers like (888) 811-3408 and contact forms are provided.",/Users/nick/Desktop/depohire-src/src/data/listings/miami.json
magna-legal-services-miami,Magna Legal Services,miami,FL,https://magnals.com/services/video-services/,CustomerService@MagnaLS.com,high,website contact page (https://www.magnals.com/contact.shtml),Primary general contact email listed multiple times on the contact page; additional emails like hr@magnals.com and tgross@magnals.com found on other pages but CustomerService@MagnaLS.com is the main one.,/Users/nick/Desktop/depohire-src/src/data/listings/miami.json
milestone-reporting-miami,Milestone Reporting,miami,FL,https://milestonereporting.com,,high,website contact page and all search results,"Contact page provides phone, toll-free, fax, and mailing address but no email address. Staff page lists names but no emails.",/Users/nick/Desktop/depohire-src/src/data/listings/miami.json
tisa-legal-media-miami,Tisa Legal Media,miami,FL,https://tisalegalmedia.com,christopher@tisalegalmedia.com,high,RocketReach and ContactOut profiles for Christopher Tisa (President/Owner),Listed as contact email for the company's President/Owner; website contact page has no direct email but mentions reaching out.,/Users/nick/Desktop/depohire-src/src/data/listings/miami.json
esquire-deposition-solutions-milwaukee,Esquire Deposition Solutions,milwaukee,WI,https://www.esquiresolutions.com/states/wisconsin/,,high,"website pages and directories searched (e.g. contact form [5], office locations [1], Wisconsin page [4])","No contact email address found; company promotes phone (800.211.3376, 855.982.6545) and contact forms instead.",/Users/nick/Desktop/depohire-src/src/data/listings/milwaukee.json
for-the-record-inc-milwaukee,"For The Record, Inc.",milwaukee,WI,https://ftrmadison.com,office@ftrmadison.com,high,website contact page https://ftrmadison.com/contact-us/,"Primary office email listed; individual staff emails like sarah@ftrmadison.com also available. Note: Business located in Waunakee/Madison area, not Milwaukee.",/Users/nick/Desktop/depohire-src/src/data/listings/milwaukee.json
naegeli-deposition-trial-milwaukee,NAEGELI Deposition & Trial,milwaukee,WI,https://www.naegeliusa.com/locations/madison-wisconsin,SCHEDULE@NAEGELIUSA.COM,high,website location page (https://www.naegeliusa.com/locations/madison-wisconsin),Listed prominently for scheduling on Madison WI location page; same email appears on other location pages like Kenosha.,/Users/nick/Desktop/depohire-src/src/data/listings/milwaukee.json
nnrc-milwaukee,NNRC,milwaukee,WI,https://nnrc.com/madison-wisconsin-legal-video/,George@nnrc.com,high,NNRC official website contact page (nnrc.com/contact_us/),George Catuogno is the Executive Director of NNRC. Multiple contact methods available on their website including toll-free phone (866) 337-6672.,/Users/nick/Desktop/depohire-src/src/data/listings/milwaukee.json
northwestern-court-reporters-milwaukee,Northwestern Court Reporters,milwaukee,WI,https://nwcourtreporters.com/services/videography/,nwcr@nwcourtreporters.com,high,website contact page (https://nwcourtreporters.com/contact/),,/Users/nick/Desktop/depohire-src/src/data/listings/milwaukee.json
planet-depos-milwaukee,Planet Depos,milwaukee,WI,https://planetdepos.com/locations/wisconsin,schedulenow@planetdepos.com,high,planetdepos.com/locations/wisconsin/milwaukee and contact page,Primary contact email listed on Milwaukee location page and multiple site pages; other emails like contact@planetdepos.com appear in blog media section but schedulenow@planetdepos.com is consistently promoted for scheduling.,/Users/nick/Desktop/depohire-src/src/data/listings/milwaukee.json
textnet-milwaukee,Textnet,milwaukee,WI,https://www.textnet.com/legal-videography/index.html,office@textnet.com,high,"Textnet website (about-us, homepage, who-we-are pages)","Listed prominently across multiple pages on textnet.com; business operates in Madison, WI and Chicago, IL (no Milwaukee-specific office found, but matches Textnet legal videography services)",/Users/nick/Desktop/depohire-src/src/data/listings/milwaukee.json
affiliated-reporters-minneapolis,Affiliated Reporters,minneapolis,WI,https://affiliatedreportersmn.com/videography/,patti@AffiliatedReportersMN.com,high,website contact page (https://affiliatedreportersmn.com/contact-us/) and schedule page,Listed multiple times on official site; also appears in press release with name Patricia A Hulse. Note: Business serves MN & WI but located in MN; no WI-specific location found.,/Users/nick/Desktop/depohire-src/src/data/listings/minneapolis.json
assist-reporting-minneapolis,Assist Reporting,minneapolis,MN,https://www.assistreporting.com/services,contact@assistreporting.com,high,Assist Reporting official website (assistreporting.com/contact and assistreporting.com/services),"Email address appears consistently across multiple pages of their official website. Business hours are Monday-Friday, 8:00 AM - 5:00 PM.",/Users/nick/Desktop/depohire-src/src/data/listings/minneapolis.json
engen-court-reporting-and-video-service-minneapolis,Engen Court Reporting and Video Service,minneapolis,MN,https://engencourtreporting.com,info@engencourtreporting.com,high,website contact page (https://engencourtreporting.com/contact-us/),Email found on official contact page. Phone number also available: 1-888-249-1131,/Users/nick/Desktop/depohire-src/src/data/listings/minneapolis.json
esquire-deposition-solutions-minneapolis,Esquire Deposition Solutions,minneapolis,MN,https://www.esquiresolutions.com/states/minnesota/,,low,esquiresolutions.com website and search results,"General contact form available at esquiresolutions.com/about-us/contact-us/ and general inquiry email privacy@esquiresolutions.com found in privacy policy. Minneapolis-specific contact email not located. Secondary contact for Philadelphia office (Sarah.Hart@esquiresolutions.com) suggests company uses individual staff emails, but Minneapolis office contact not provided in available search results.",/Users/nick/Desktop/depohire-src/src/data/listings/minneapolis.json
lexitas-minneapolis,Lexitas,minneapolis,MN,https://www.lexitaslegal.com/locations/minneapolis,,high,"Lexitas website pages including Minneapolis location, contact, and order forms","No email address found across search results; only phone numbers, fax, and contact forms provided.",/Users/nick/Desktop/depohire-src/src/data/listings/minneapolis.json
mill-city-video-services-minneapolis,Mill City Video Services,minneapolis,MN,http://www.millcityvideo.com,info@millcityvideo.com,high,website homepage (http://www.millcityvideo.com),,/Users/nick/Desktop/depohire-src/src/data/listings/minneapolis.json
naegeli-deposition-trial-minneapolis,NAEGELI Deposition & Trial,minneapolis,MN,https://www.naegeliusa.com/locations/minneapolis-minnesota,schedule@naegeliusa.com,high,website (St. Paul and Minnesota pages),"Scheduling email listed on multiple NAEGELI pages for Minnesota locations, including St. Paul near Minneapolis; no location-specific email found for Minneapolis",/Users/nick/Desktop/depohire-src/src/data/listings/minneapolis.json
northwestern-court-reporters-minneapolis,Northwestern Court Reporters,minneapolis,MN,https://nwcourtreporters.com/services/videography/,,high,website pages including contact page [1] and multiple others [2][3][4][5],Multiple pages invite to 'email us' but no specific email address is listed; only phone numbers provided.,/Users/nick/Desktop/depohire-src/src/data/listings/minneapolis.json
planet-depos-minneapolis,Planet Depos,minneapolis,MN,https://planetdepos.com/locations/minnesota/minneapolis,schedulenow@planetdepos.com,high,planetdepos.com/locations/minnesota/minneapolis/ and multiple other pages including contact and schedule-now,"This is the primary contact email listed across the website, including the Minneapolis location page; no location-specific email found.",/Users/nick/Desktop/depohire-src/src/data/listings/minneapolis.json
veritext-paradigm-reporting-minneapolis,Veritext (Paradigm Reporting),minneapolis,MN,https://www.veritext.com/minneapolis/,,high,https://www.veritext.com/minneapolis/ (main location page),Email appears truncated in source as 'C[email protected]' but is clearly intended as the contact for scheduling; captioning email is [email protected],/Users/nick/Desktop/depohire-src/src/data/listings/minneapolis.json
christopher-massey-legal-video-nashville,Christopher Massey Legal Video,nashville,TN,https://christophermassey.com,,high,website contact pages (https://christophermassey.com and https://christophermassey.com/pro),Contact sections mention 'Email us' and 'Or Contact Us By Email' but no actual email address is provided. Phone and mailing address are listed instead.,/Users/nick/Desktop/depohire-src/src/data/listings/nashville.json
esquire-deposition-solutions-nashville,Esquire Deposition Solutions,nashville,TN,https://www.esquiresolutions.com/states/tennessee/,,medium,Esquire Deposition Solutions website - Nashville office and contact pages reviewed,"Nashville office phone number found (615.832.0090) and general contact form available at https://www.esquiresolutions.com/about-us/contact-us/, but no specific email address listed for Nashville location. Philadelphia contact Sarah Hart's email (Sarah.Hart@esquiresolutions.com) suggests format, but Nashville-specific email not provided in search results.",/Users/nick/Desktop/depohire-src/src/data/listings/nashville.json
gateway-court-reporting-video-nashville,Gateway Court Reporting & Video,nashville,TN,https://gatewayreporting.com,,low,Gateway Court Reporting & Video website and search results,"Gateway Court Reporting & Video is located in Knoxville, TN, not Nashville, TN as specified in the query. The search results show their website (gatewayreporting.com) and contact information including phone (865-804-2500) and a scheduling inquiry form, but no specific email address is publicly listed. The website contact page appears to use a form-based system rather than displaying an email address directly.",/Users/nick/Desktop/depohire-src/src/data/listings/nashville.json
jenkins-legal-video-llc-nashville,Jenkins Legal Video LLC,nashville,TN,https://www.jenkinslegalvideo.com,david@gatewayreporting.com,medium,Jenkins Legal Video website (https://www.jenkinslegalvideo.com),Listed on website for requesting forms related to transcript sync and editing services; no direct company email found for Jenkins Legal Video LLC.,/Users/nick/Desktop/depohire-src/src/data/listings/nashville.json
naegeli-deposition-trial-nashville,NAEGELI Deposition & Trial,nashville,TN,https://www.naegeliusa.com/states/tennessee-court-reporters,schedule@naegeliusa.com,high,website (Nashville location page),"Listed explicitly for scheduling on the Nashville, TN court reporters page and other location pages.",/Users/nick/Desktop/depohire-src/src/data/listings/nashville.json
nashvilles-media-services-nashville,Nashville's Media Services,nashville,TN,https://www.nashvillesmedia.com,Kris.Weeks@NashvillesMedia.com,high,website contact page (https://www.nashvillesmedia.com/contact),"Email consistently listed on multiple pages of the official website, including contact and gallery pages. An older reference to MBelsh@comcast.net appears but Kris.Weeks@NashvillesMedia.com is primary.",/Users/nick/Desktop/depohire-src/src/data/listings/nashville.json
planet-depos-nashville,Planet Depos,nashville,TN,https://planetdepos.com/locations/tennessee,schedulenow@planetdepos.com,high,Planet Depos Nashville location page (https://planetdepos.com/locations/tennessee/nashville),"Listed explicitly as the contact email for Nashville, TN services on their official website.",/Users/nick/Desktop/depohire-src/src/data/listings/nashville.json
tri-star-reporting-nashville,Tri Star Reporting,nashville,TN,https://tristardepos.com,scheduling@tristardepos.com,high,website accessibility page (https://tristardepos.com/accessibility),Primary contact email listed on their official website; RocketReach hints at @tristardepos.com domain for staff,/Users/nick/Desktop/depohire-src/src/data/listings/nashville.json
vce-legal-tech-nashville,VCE Legal Tech,nashville,TN,https://www.vcelegaltech.com,,high,"website search results (multiple pages including contact, team, etc.)","No contact email listed on VCE Legal Tech website pages; phone numbers provided instead (e.g., 800-747-3844). claims@vceinc.com is for VCE Investigative, a related but separate entity.",/Users/nick/Desktop/depohire-src/src/data/listings/nashville.json
bob-laroussini-productions-new-orleans,Bob Laroussini Productions,new-orleans,LA,https://www.laroussiniproductions.com,,high,website contact page and other pages[1][4][6],"Contact form and 'Email Us' button present, but no visible email address. Phone: (337) 233-8336 listed prominently.",/Users/nick/Desktop/depohire-src/src/data/listings/new-orleans.json
depo-vue-inc-new-orleans,Depo-Vue Inc.,new-orleans,LA,https://www.depo-vue.com,depovueinc@gmail.com,high,website contact page (https://www.depo-vue.com/ContactUs.aspx) and homepage (https://www.depo-vue.com),Email address appears consistently across multiple pages of their official website,/Users/nick/Desktop/depohire-src/src/data/listings/new-orleans.json
esquire-solutions-new-orleans,Esquire Solutions,new-orleans,LA,https://www.esquiresolutions.com/offices/new-orleans-la/,,high,New Orleans Chamber of Commerce listing and Esquire Solutions website,"Chamber listing has 'Send Email' button for Ms. Jennifer Adam but no visible email address; website provides phone (504.525.1979) and contact forms only, no direct email found.",/Users/nick/Desktop/depohire-src/src/data/listings/new-orleans.json
jamie-a-roy-new-orleans,Jamie A. Roy,new-orleans,LA,https://www.jamiearoy.com/legal-videography/,,high,"website pages (about-us, schedule-a-deposition, homepage, affiliates)","No email address found on the provided website search results; only phone numbers (800-473-3376, 337-981-9157) and online form are listed for contact.",/Users/nick/Desktop/depohire-src/src/data/listings/new-orleans.json
lori-heaphy-associates-llc-new-orleans,"Lori Heaphy & Associates, LLC",new-orleans,LA,https://loriheaphy.com,office@loriheaphy.com,high,website contact page (https://loriheaphy.com/contact/) and homepage,Email listed multiple times on official website including contact and services pages.,/Users/nick/Desktop/depohire-src/src/data/listings/new-orleans.json
naegeli-deposition-trial-new-orleans,NAEGELI Deposition & Trial,new-orleans,LA,https://www.naegeliusa.com/locations/lake-charles-louisiana-court-reporters,schedule@naegeliusa.com,high,New Orleans location page on naegeliusa.com,"Listed multiple times for contacting and scheduling services in New Orleans; no location-specific email found, this appears to be the central contact.",/Users/nick/Desktop/depohire-src/src/data/listings/new-orleans.json
pilant-court-reporting-new-orleans,Pilant Court Reporting,new-orleans,LA,https://pilant.com,,high,website contact page and directories,Contact pages and listings provide phone/fax but no email address; directories have 'Send Email' buttons without visible addresses.,/Users/nick/Desktop/depohire-src/src/data/listings/new-orleans.json
provision-media-services-new-orleans,Provision Media Services,new-orleans,LA,https://provisionmediaservices.com,myinfo@provisionmediaservices.com,high,website (provisionmediaservices.com),Email appears multiple times on the site but with possible typo as 'myinfo@ProvisionMediaServices.coment'; likely intended as .com. No other emails found in search results.,/Users/nick/Desktop/depohire-src/src/data/listings/new-orleans.json
veritext-new-orleans,Veritext,new-orleans,LA,https://veritext.com/baton-rouge-2/,batonrouge@veritext.com,high,website page https://veritext.com/baton-rouge-2/,Listed directly on the Baton Rouge office page as contact email. Note: Business query specifies New Orleans but provided website is Baton Rouge; this matches the Baton Rouge location.,/Users/nick/Desktop/depohire-src/src/data/listings/new-orleans.json
courtscribes-new-york,CourtScribes,new-york,NY,https://courtscribes.com,info@courtscribes.com,high,website contact page https://scheduling.courtscribes.com/contact-us,Primary general inquiries email; scheduling@courtscribes.com and billing@courtscribes.com also listed on multiple pages for specific purposes.,/Users/nick/Desktop/depohire-src/src/data/listings/new-york.json
depo-universe-new-york,Depo Universe,new-york,NY,https://depouniverse.com,Info@DepoUniverse.com,high,https://depouniverse.com/contact/,,/Users/nick/Desktop/depohire-src/src/data/listings/new-york.json
esquire-deposition-services-new-york,Esquire Deposition Services,new-york,NY,https://www.esquiresolutions.com,Calendar@TSGReporting.com,high,website scheduling page (TSG Reporting section),"This is the email provided for scheduling depositions on jobs April 1, 2023 or later. No general contact email found on main contact page or NY office pages; primarily phone numbers and forms used.",/Users/nick/Desktop/depohire-src/src/data/listings/new-york.json
hudson-court-reporting-video-new-york,Hudson Court Reporting & Video,new-york,NY,https://www.hudsonreporting.com,scheduling@hudsonreporting.com,high,website contact page (https://www.hudsonreporting.com/contact/) and services page (https://www.hudsonreporting.com/services/court-reporting-new-york/),Multiple pages confirm this as the scheduling and general contact email; HQ in NJ but serves NY.,/Users/nick/Desktop/depohire-src/src/data/listings/new-york.json
lexitas-new-york,Lexitas,new-york,NY,https://www.lexitaslegal.com,,high,Lexitas website (contact page and multiple location pages),"Contact page [5] instructs to call or email but lists no email address. Multiple pages [3][4][9][10] provide phone (1-800-676-2401) and 'Contact Online' (likely a form), but no email found in search results.",/Users/nick/Desktop/depohire-src/src/data/listings/new-york.json
naegeli-deposition-trial-new-york,NAEGELI Deposition & Trial,new-york,NY,https://www.naegeliusa.com,schedule@naegeliusa.com,high,"website location pages (e.g. New York, Rochester, Albany)","Email listed consistently as schedule@naegeliusa.com or SCHEDULE@NAEGELIUSA.COM across multiple location pages, including New York-specific page [3]. No general contact email found on main contact page [4].",/Users/nick/Desktop/depohire-src/src/data/listings/new-york.json
nyc-legal-video-new-york,NYC Legal Video,new-york,NY,https://nyclegalvideo.com,Info@nyclegalvideo.com,high,website contact page (nyclegalvideo.com),Email found on their contact page. Jim Sepulveda is listed as CLVS Certified Legal Video Specialist.,/Users/nick/Desktop/depohire-src/src/data/listings/new-york.json
on-the-spot-video-new-york,On The Spot Video,new-york,NY,https://www.otsvideo.com,,high,website https://www.otsvideo.com and search results,No email found for On The Spot Video at https://www.otsvideo.com. Results show emails for unrelated businesses: info@onthespotmedia.com (On The Spot Media) and OntheSpotNYC@gmail.com (On The Spot NYC comedy).,/Users/nick/Desktop/depohire-src/src/data/listings/new-york.json
planet-depos-new-york,Planet Depos,new-york,NY,https://planetdepos.com,schedulenow@planetdepos.com,high,planetdepos.com/locations/new-york and contact page,Primary scheduling email listed on New York location pages and contact form; other emails like contact@planetdepos.com appear in blog media contacts.,/Users/nick/Desktop/depohire-src/src/data/listings/new-york.json
veritext-legal-solutions-new-york,Veritext Legal Solutions,new-york,NY,https://veritext.com,ny@veritext.com,high,https://veritext.com/newyork-timessquare/ (New York Times Square office page),"Listed as contact for Veritext's New York office at 7 Times Square, 16th Floor, Suite 1604, New York, NY 10036.",/Users/nick/Desktop/depohire-src/src/data/listings/new-york.json
city-reporters-oklahoma-city,City Reporters,oklahoma-city,OK,https://okcityreporters.com,,high,website contact page and multiple business listings,"City Reporters provides phone numbers (405-235-3376, 405-613-9343) and a contact form on their website, but no direct email address is publicly listed across their website, court directories, or business profiles searched.",/Users/nick/Desktop/depohire-src/src/data/listings/oklahoma-city.json
dr-reporting-and-video-oklahoma-city,D&R Reporting and Video,oklahoma-city,OK,https://www.drreporting.com,depo@drreporting.com,high,D&R Reporting and Video official website (drreporting.com),"Email address appears consistently across multiple pages including About Us, Services, Depositions, and Contact pages",/Users/nick/Desktop/depohire-src/src/data/listings/oklahoma-city.json
dodson-court-reporting-legal-video-inc-oklahoma-city,"Dodson Court Reporting & Legal Video, Inc.",oklahoma-city,OK,https://dodsonreporting.net,,high,website contact page and search results,Contact page at https://dodsonreporting.net/contact/ lists phone (405-235-1828) and fax (405-235-1266) but no email address. Scheduling page provides contact form but no direct email listed. No email found in any of the search results or business directories reviewed.,/Users/nick/Desktop/depohire-src/src/data/listings/oklahoma-city.json
lowery-associates-oklahoma-city,Lowery & Associates,oklahoma-city,OK,https://www.loweryreporters.com,office@loweryreporters.com,high,website contact page (https://www.loweryreporters.com/contact),"Email address appears consistently across multiple sources including their official contact page and job bank listing. Business is Lowery & Associates, Inc., a court reporting firm in Oklahoma City operating since 1990.",/Users/nick/Desktop/depohire-src/src/data/listings/oklahoma-city.json
mcwilliams-media-oklahoma-city,McWilliams Media,oklahoma-city,OK,https://mcwilliamsmedia.com,info@mcwilliamsmedia.com,high,website contact page (https://mcwilliamsmedia.com/contact/),"Multiple emails listed: support@mcwilliamsmedia.com (support), billing@mcwilliamsmedia.com (billing), info@mcwilliamsmedia.com (sales/service inquiries). Selected info@ as general contact.",/Users/nick/Desktop/depohire-src/src/data/listings/oklahoma-city.json
naegeli-deposition-trial-oklahoma-city,NAEGELI Deposition & Trial,oklahoma-city,OK,https://www.naegeliusa.com,SCHEDULE@NAEGELIUSA.COM,high,"website location pages (Norman and Edmond, OK)","Email listed prominently for scheduling on Oklahoma location pages; no general contact email found on main contact page, which uses forms.",/Users/nick/Desktop/depohire-src/src/data/listings/oklahoma-city.json
professional-reporters-oklahoma-city,Professional Reporters,oklahoma-city,OK,https://www.proreporters.com,,high,"website pages including contact, locations, about, and team","No email address found across searched website pages; only phone, fax, address, and contact form available.",/Users/nick/Desktop/depohire-src/src/data/listings/oklahoma-city.json
verbatim-reporting-llc-oklahoma-city,"Verbatim Reporting, LLC",oklahoma-city,OK,https://verbatimreportingokc.com,vr@verbatimreportingokc.com,high,website about-us and contact pages,,/Users/nick/Desktop/depohire-src/src/data/listings/oklahoma-city.json
great-plains-reporting-omaha,Great Plains Reporting,omaha,NE,https://yourdepositions.com/legal-video,,low,Search results from Great Plains Reporting website and BBB listing,"No public contact email address found in available search results. One ZoomInfo result shows a partial email (c***@yourdepositions.com) for Carrie Marshall, a court reporter, but this is a staff member email, not a general business contact email. The search results provide phone numbers ((402) 516-5342) and physical addresses but no public general contact email address.",/Users/nick/Desktop/depohire-src/src/data/listings/omaha.json
mccorkle-litigation-services-omaha,McCorkle Litigation Services,omaha,NE,https://mcdeps.com/court-reporters-omaha-nebraska/,schedule@mcdeps.com,high,website contact page https://mcdeps.com/contact/,"Primary scheduling email for McCorkle Litigation Services, including Omaha NE services; other dept emails like production@mcdeps.com and billing@mcdeps.com also listed",/Users/nick/Desktop/depohire-src/src/data/listings/omaha.json
naegeli-deposition-trial-omaha,NAEGELI Deposition & Trial,omaha,NE,https://www.naegeliusa.com/locations/omaha-nebraska-court-reporters,schedule@naegeliusa.com,high,website (Lincoln NE location page),"Scheduling email found on related Nebraska location page; no Omaha-specific email located, but company-wide contact form and phone (800) 528-3335 primary on contact pages",/Users/nick/Desktop/depohire-src/src/data/listings/omaha.json
national-court-reporters-inc-omaha,"National Court Reporters, Inc.",omaha,NE,https://nationalcourtreporters.com/locations/nebraska/,,high,"searched website (https://nationalcourtreporters.com/locations/nebraska/), directories, and other sources[4][8]",Only phone (888) 800-9656 found on business website; no email address located in any results.,/Users/nick/Desktop/depohire-src/src/data/listings/omaha.json
planet-depos-omaha,Planet Depos,omaha,NE,https://planetdepos.com/locations/nebraska,schedulenow@planetdepos.com,high,Planet Depos Nebraska location page and multiple official contact pages,"This is the primary scheduling and contact email for Planet Depos Nebraska operations. Alternative emails available: transcripts@planetdepos.com (transcripts), billing@planetdepos.com (billing), contact@planetdepos.com (general). Phone: 888.433.3767",/Users/nick/Desktop/depohire-src/src/data/listings/omaha.json
thomas-thomas-court-reporters-omaha,Thomas & Thomas Court Reporters,omaha,NE,https://ttcrs.com,schedule@ttcrs.com,high,website contact page https://ttcrs.com/contact,"Primary scheduling email listed plainly; other emails (production@ttcrs.com, video@ttcrs.com, clientservices@ttcrs.com) are also available on site but protected from spambots in raw HTML.",/Users/nick/Desktop/depohire-src/src/data/listings/omaha.json
us-legal-support-omaha,U.S. Legal Support,omaha,NE,https://www.uslegalsupport.com/omaha-court-reporters/,MWclientsolutions@uslegalsupport.com,high,https://www.uslegalsupport.com/omaha-court-reporters/ (Omaha-specific page),This is the email for all other court reporting related inquiries for the Omaha location. For scheduling: scheduling@uslegalsupport.com; Record Retrieval: nerecords@uslegalsupport.com.,/Users/nick/Desktop/depohire-src/src/data/listings/omaha.json
depo-universe-philadelphia,Depo Universe,philadelphia,PA,https://depouniverse.com,,high,website contact page (https://depouniverse.com/contact/) and other pages reviewed,"Contact page only offers an online inquiry form; no email address found on website, Google Business profile, or other searched sources.",/Users/nick/Desktop/depohire-src/src/data/listings/philadelphia.json
esquire-deposition-services-philadelphia,Esquire Deposition Services,philadelphia,PA,https://www.esquiresolutions.com/offices/philadelphia-pa,Sarah.Hart@esquiresolutions.com,high,phila-ala.org business partner info,Primary contact email for Esquire Deposition Solutions Philadelphia office. Secondary contact: Jacqueline.Smith@esquiresolutions.com,/Users/nick/Desktop/depohire-src/src/data/listings/philadelphia.json
kaplan-leaman-wolfe-court-reporters-philadelphia,Kaplan Leaman & Wolfe Court Reporters,philadelphia,PA,https://klwreporters.com,gwolfe@klwreporters.com,high,website contact page (https://klwreporters.com/contact/),"Email listed for Gregg Wolfe, President/CEO. BBB mentions 'Email this Business' but no specific address; RocketReach confirms domain format.",/Users/nick/Desktop/depohire-src/src/data/listings/philadelphia.json
lexitas-philadelphia,Lexitas,philadelphia,PA,https://www.lexitaslegal.com/locations/philadelphia-market-st-1600,,high,"Lexitas website (contact page, location pages, general inquiries)","No email address found on the website; only phone numbers (e.g., 1-800-676-2401 general, (855) 204-8184 for Philadelphia location) and online contact forms are provided.",/Users/nick/Desktop/depohire-src/src/data/listings/philadelphia.json
naegeli-deposition-trial-philadelphia,NAEGELI Deposition & Trial,philadelphia,PA,https://www.naegeliusa.com/locations/philadelphia-pennsylvania,SCHEDULE@NAEGELIUSA.COM,high,website location page (https://www.naegeliusa.com/locations/philadelphia-pennsylvania),,/Users/nick/Desktop/depohire-src/src/data/listings/philadelphia.json
njl-court-reporting-video-philadelphia,NJL Court Reporting & Video,philadelphia,NJ,https://njlone.com/services/njl-court-reporting-video/,info@njlone.com,high,website contact page (https://njlone.com/contact/),,/Users/nick/Desktop/depohire-src/src/data/listings/philadelphia.json
planet-depos-philadelphia,Planet Depos,philadelphia,PA,https://planetdepos.com/locations/north-carolina,schedulenow@planetdepos.com,high,Philadelphia location page on planetdepos.com [1],"Listed directly on the Philadelphia, PA page at https://planetdepos.com/locations/pennsylvania/philadelphia; consistent across multiple site pages including contact and schedule pages.",/Users/nick/Desktop/depohire-src/src/data/listings/philadelphia.json
summit-court-reporting-inc-philadelphia,"Summit Court Reporting, INC.",philadelphia,PA,https://nnrc.com/remote-depositions-in-philadelphia-pennsylvania,,high,"search results (website, directories, profiles checked)",Summit Court Reporting was acquired by U.S. Legal Support in 2022[1]; no direct contact email found in results; phone (215) 985-2400 listed[4][5],/Users/nick/Desktop/depohire-src/src/data/listings/philadelphia.json
veritext-philadelphia,Veritext,philadelphia,PA,https://veritext.com/allentown,philly@veritext.com,high,https://veritext.com/philadelphia/ (Philadelphia office page),"Email listed alongside Philadelphia office phone numbers: 215-241-1000 (direct), 888-777-6690 (scheduling)",/Users/nick/Desktop/depohire-src/src/data/listings/philadelphia.json
veritext-cherry-hill-philadelphia,Veritext Cherry Hill,philadelphia,NJ,https://veritext.com/cherry-hill/,,high,https://veritext.com/cherry-hill/ (official Veritext Cherry Hill webpage),"Email found on the official Cherry Hill location page. Note: The user specified the location as 'philadelphia, NJ' but Veritext Cherry Hill is actually located in Cherry Hill, NJ (535 Route 38 E, Suite 330, Cherry Hill, NJ 8002), not Philadelphia.",/Users/nick/Desktop/depohire-src/src/data/listings/philadelphia.json
caption-legal-phoenix,Caption Legal,phoenix,AZ,https://captionlegal.com/phoenix-az,schedule@captionlegal.com,high,"website (captionlegal.com homepage, contact pages)","Multiple emails listed on homepage including Schedule@CaptionLegal.com and Admin@captionlegal.com; schedule@captionlegal.com consistently appears on contact and service pages. Serves Phoenix, AZ.",/Users/nick/Desktop/depohire-src/src/data/listings/phoenix.json
coash-court-reporting-video-phoenix,Coash Court Reporting & Video,phoenix,AZ,https://coashcourtreportingandvideo.com,scheduling@coashcrv.com,high,website contact page (https://coashcourtreportingandvideo.com/contact-us/),This is the scheduling email address listed on their contact page. An alternative contact method is phone: (602) 258-1440,/Users/nick/Desktop/depohire-src/src/data/listings/phoenix.json
esquire-deposition-solutions-phoenix,Esquire Deposition Solutions,phoenix,AZ,https://www.esquiresolutions.com/offices/phoenix-az/,,high,"searched website pages, legal directories, and listings (results 1-9)","No Phoenix-specific email found; only phone (602.266.2221) on office page. General contacts use forms; other emails are for different offices (e.g., Philadelphia).",/Users/nick/Desktop/depohire-src/src/data/listings/phoenix.json
lexhd-phoenix,LexHD,phoenix,AZ,"https://lexhd.com/chandler,-az",office@lexhd.com,high,website contact page (https://lexhd.com/contact) and multiple other pages,,/Users/nick/Desktop/depohire-src/src/data/listings/phoenix.json
naegeli-deposition-trial-phoenix,NAEGELI Deposition & Trial,phoenix,AZ,https://www.naegeliusa.com/locations/phoenix-arizona,schedule@naegeliusa.com,high,Phoenix Arizona location page on naegeliusa.com,Email listed for scheduling on the specific Phoenix location page; consistent with Mesa page (uppercase variant). No general contact email found; contact forms used instead.,/Users/nick/Desktop/depohire-src/src/data/listings/phoenix.json
phoenix-deposition-services-phoenix,Phoenix Deposition Services,phoenix,AZ,https://phoenixdepositionservices.com,miller007@msn.com,high,Arizona Supreme Court Registered Reporting Firms directory (PDF),"Listed under Phoenix Deposition Services with address 365 E. Coronado Rd #210, Phoenix, AZ 85004 and phone (602) 230-5454[5]",/Users/nick/Desktop/depohire-src/src/data/listings/phoenix.json
south-mountain-films-phoenix,South Mountain Films,phoenix,AZ,https://southmountainfilms.com/legal-video/,,high,website contact page and other directories,"Contact page [1] shows a form with email field but no public email listed. Only phone (480) 482-1945 and address provided. [3] is a different organization (South Mountain Film Academy). No email found in any Phoenix, AZ sources.",/Users/nick/Desktop/depohire-src/src/data/listings/phoenix.json
all-business-videography-llc-pittsburgh,All Business Videography LLC,pittsburgh,PA,https://allbusinessvideography.com,allbusinessvideography@gmail.com,high,website - corporate event videography page (allbusinessvideography.com/corporate-event-videography-captures-brands-in-best-light/),Alternative contact method: phone (814) 954-7548. Primary website lists phone (814) 826-3575.,/Users/nick/Desktop/depohire-src/src/data/listings/pittsburgh.json
jkm-productions-pittsburgh,JKM Productions,pittsburgh,PA,https://www.jkmpro.com,jkmpro@jkmpro.com,high,website weddings page (https://www.jkmpro.com/weddings.html),"Listed explicitly as E-Mail contact; business is in Lititz, PA (near Pittsburgh region), not Pittsburgh proper; no email on contact page which uses a form instead.",/Users/nick/Desktop/depohire-src/src/data/listings/pittsburgh.json
bridges-reporting-and-legal-videography-portland,Bridges Reporting and Legal Videography,portland,OR,https://bridgesreporting.com/who-we-are/,schedule@bridgesreporting.com,high,website contact page (https://bridgesreporting.com/contact-us/),,/Users/nick/Desktop/depohire-src/src/data/listings/portland.json
cc-reporting-videoconferencing-portland,CC Reporting & Videoconferencing,portland,OR,https://ccreporting.com,depositions@ccreporting.com,high,website contact page (https://ccreporting.com/contact-us/),"Business is located in Eugene, OR (not Portland), but matches the name and website provided.",/Users/nick/Desktop/depohire-src/src/data/listings/portland.json
esquire-deposition-solutions-portland,Esquire Deposition Solutions,portland,OR,https://www.esquiresolutions.com/offices/portland-oregon/,,high,searched website pages and directories,No contact email found for Portland OR office; only phone (503.545.7365) listed on office page. Company-wide uses contact form or general scheduling emails for other locations.,/Users/nick/Desktop/depohire-src/src/data/listings/portland.json
lns-court-reporting-legal-video-portland,LNS Court Reporting & Legal Video,portland,OR,https://lnscourtreporting.com,depos@LNScourtreporting.com,high,website contact page (https://lnscourtreporting.com/contact/),Primary contact email listed multiple times on their official site; personal emails like rnodland@lnscourtreporting.com also found but depos@ is for scheduling/depositions.,/Users/nick/Desktop/depohire-src/src/data/listings/portland.json
naegeli-deposition-trial-portland,NAEGELI Deposition & Trial,portland,OR,https://www.naegeliusa.com/locations/portland,erinm@naegeliusa.com,high,Oregon Paralegal Association member profile,"Email for Erin Martuscelli, Vice President of Client Relations at NAEGELI Deposition & Trial Portland office",/Users/nick/Desktop/depohire-src/src/data/listings/portland.json
nw-certified-legal-video-portland,NW Certified Legal Video,portland,OR,https://www.nwcertifiedlegalvideo.com,,high,"searched website, legal directories, Google Business profile equivalents in results",No contact email found for NW Certified Legal Video in provided search results or implied website content. Results mention other Portland-area services but not this business.,/Users/nick/Desktop/depohire-src/src/data/listings/portland.json
planet-depos-portland,Planet Depos,portland,OR,https://planetdepos.com/locations/oregon,schedulenow@planetdepos.com,high,website location page https://planetdepos.com/locations/oregon/portland,Primary scheduling email listed multiple times on Portland OR location page and across company contact pages.,/Users/nick/Desktop/depohire-src/src/data/listings/portland.json
pohlmanusa-portland,PohlmanUSA,portland,OR,https://pohlmanusa.com/portland-court-reporter-services/,calendar-pohlman@veritext.com,high,website contact page (https://pohlmanusa.com/contact-us/),Primary general contact email listed on the official contact page. Multiple department-specific emails like scheduling@pohlmanusa.com and records@pohlmanusa.com also available on other pages.,/Users/nick/Desktop/depohire-src/src/data/listings/portland.json
synergy-legal-portland,Synergy Legal,portland,OR,https://synergy-legal.com/services/legal_videography_amp_trial_support,schedule@synergy-legal.com,high,synergy-legal.com homepage,"Listed on the main website https://synergy-legal.com for Synergy Legal in Portland, OR. No general contact email found; this appears to be their scheduling contact.",/Users/nick/Desktop/depohire-src/src/data/listings/portland.json
depositions-inc-raleigh,"Depositions, Inc.",raleigh,NC,https://www.ncdepo.com,Admin@NCDepo.com,high,website schedule page (https://www.ncdepo.com/schedule),,/Users/nick/Desktop/depohire-src/src/data/listings/raleigh.json
overby-court-reporting-raleigh,Overby Court Reporting,raleigh,NC,https://www.overbycourtreporting.com,,high,website contact page and all search results,"No email address found; only phone numbers, fax, and contact forms listed across website pages and directories.",/Users/nick/Desktop/depohire-src/src/data/listings/raleigh.json
law-order-record-lorr-san-antonio,Law & Order Record (LORR),san-antonio,TX,https://lorr.com/service/legal-videographers-and-photography/,,high,lorr.com contact page and other directories,"Contact page has email form but no visible email address; only phone, fax, and addresses listed across multiple sources",/Users/nick/Desktop/depohire-src/src/data/listings/san-antonio.json
legal-recorder-san-diego,Legal Recorder®,san-diego,CA,https://legalrecorder.com/video-depositions,info@legalrecorder.com,high,website contact page (https://legalrecorder.com/contact-us),,/Users/nick/Desktop/depohire-src/src/data/listings/san-diego.json
buell-realtime-reporting-seattle,Buell Realtime Reporting,seattle,WA,https://www.buellrealtime.com,reception@buellrealtime.com,high,website contact page (https://www.buellrealtime.com/contact),Email also confirmed in San Juan County official court transcriptionist directory and additional sources,/Users/nick/Desktop/depohire-src/src/data/listings/seattle.json
caption-legal-seattle,Caption Legal,seattle,WA,https://captionlegal.com/seattle-wa,schedule@captionlegal.com,high,Caption Legal website - multiple pages including contact page and service location pages,schedule@captionlegal.com is listed as the primary scheduling and contact email across all Caption Legal web pages. An alternative admin email (Admin@captionlegal.com) is also provided on the main page.,/Users/nick/Desktop/depohire-src/src/data/listings/seattle.json
central-court-reporting-video-seattle,Central Court Reporting & Video,seattle,WA,https://centralcourtreporting.com,calendar-litwa@veritext.com,high,website contact page (https://centralcourtreporting.com/contact/),Alternative email schedule@centralcourtreporting.com found on third-party site (ContactOut); primary from official site.,/Users/nick/Desktop/depohire-src/src/data/listings/seattle.json
grant-legal-services-llc-seattle,Grant Legal Services LLC,seattle,WA,https://www.grantlegalservices.com,info@grantlegalservices.com,high,website contact page (https://www.grantlegalservices.com/contacts.html),Confirmed on multiple pages of the official website [1][2],/Users/nick/Desktop/depohire-src/src/data/listings/seattle.json
hampton-videography-seattle,Hampton Videography,seattle,WA,https://www.hamptonvideography.com,Hampton.Videography@outlook.com,high,website contact page (https://www.hamptonvideography.com/contact),Email found on official Hampton Videography contact page. Phone number also available: 801-645-7931,/Users/nick/Desktop/depohire-src/src/data/listings/seattle.json
lakeside-reporting-seattle,Lakeside Reporting,seattle,WA,https://lakesidereporting.com,contact@lakesidereporting.com,high,website contact page,,/Users/nick/Desktop/depohire-src/src/data/listings/seattle.json
lexitas-seattle,Lexitas,seattle,WA,https://www.lexitaslegal.com/locations/seattle-seventh-ave,,low,lexitaslegal.com search results,"Search results show Lexitas Seattle locations (Court Reporting at 1700 Seventh Ave, Suite 2100 and Record Retrieval at 307 29th Street NE, Puyallup) with phone numbers but no specific email address. General contact number provided: 1-800-676-2401. The specific Seattle location pages do not display individual email addresses in the search results.",/Users/nick/Desktop/depohire-src/src/data/listings/seattle.json
esquire-deposition-solutions-tampa,Esquire Deposition Solutions,tampa,FL,https://www.esquiresolutions.com/court-reporting-in-tampa-florida/,Sarah.Hart@esquiresolutions.com,medium,phila-ala.org business partner directory,"Primary contact email listed for Esquire Deposition Solutions; no Tampa-specific email found on website or other sources, only phone (813.221.2535) and toll-free (800.211.3376)",/Users/nick/Desktop/depohire-src/src/data/listings/tampa.json
the-legal-video-team-tampa,The Legal Video Team,tampa,FL,https://www.legalvideoteam.com,,low,Search results from legalvideoteam.com,The Legal Video Team's website and search results provide a phone number (888-409-8350) but do not display a specific email address. Result [4] from ZoomInfo indicates an employee directory exists but does not provide email addresses in the search results shown.,/Users/nick/Desktop/depohire-src/src/data/listings/tampa.json
halasz-reporting-video-virginia-beach,Halasz Reporting & Video,virginia-beach,VA,https://www.halaszreporting.com,scheduling@halaszreporting.com,high,website contact page (https://www.halaszreporting.com/contact/),"Email consistently listed across multiple pages including home, scheduling, and services sections. Business serves Virginia Beach area from Richmond office.",/Users/nick/Desktop/depohire-src/src/data/listings/virginia-beach.json
hart-reporting-virginia-beach,Hart Reporting,virginia-beach,VA,https://hartreporting.com,scheduling-va@veritext.com,high,hartreporting.com contact page,Hart Reporting is now a Veritext Company; this is the listed email for scheduling and contact.,/Users/nick/Desktop/depohire-src/src/data/listings/virginia-beach.json
videoworks-of-virginia-virginia-beach,VideoWorks of Virginia,virginia-beach,VA,https://lawvideova.com,info@lawvideova.com,high,website contact page (lawvideova.com/contact-us/),"Email address appears consistently across multiple pages on their website. However, note that the business location in search results shows Richmond, VA, not Virginia Beach, VA as specified in the query.",/Users/nick/Desktop/depohire-src/src/data/listings/virginia-beach.json
ace-federal-reporters-inc-washington-dc,"Ace-Federal Reporters, Inc.",washington-dc,DC,https://www.acefederal.com,info@acefederal.com,high,website homepage (https://www.acefederal.com),,/Users/nick/Desktop/depohire-src/src/data/listings/washington-dc.json
crc-salomon-washington-dc,CRC Salomon,washington-dc,DC,https://www.crcsalomon.com/legal-video/,info@crcsalomon.com,high,CRC Salomon official website contact page (https://www.crcsalomon.com/contact/),"General contact email for CRC Salomon headquarters in Baltimore, MD. For scheduling-specific inquiries, scheduling@crcsalomon.com is also available.",/Users/nick/Desktop/depohire-src/src/data/listings/washington-dc.json
casamo-associates-washington-dc,Casamo & Associates,washington-dc,VA,https://www.casamo.com,,high,website contact page (https://www.casamo.com/contact/) and other sources,"No email address found across website pages, BBB profile, chamber listing, or directories; only phone numbers provided.",/Users/nick/Desktop/depohire-src/src/data/listings/washington-dc.json
digital-evidence-group-washington-dc,Digital Evidence Group,washington-dc,DC,https://digitalevidencegroup.com/court-reporting-legal-videography/,info@digitalevidencegroup.com,high,website privacy policy and terms of use pages,"Listed explicitly in privacy policy for privacy concerns, terms of use for general contact, and terms & conditions footer.",/Users/nick/Desktop/depohire-src/src/data/listings/washington-dc.json
esquire-deposition-solutions-washington-dc,Esquire Deposition Solutions,washington-dc,DC,https://www.esquiresolutions.com/court-reporting-in-washington-dc/,,medium,Esquire Deposition Solutions website and business directories,Washington DC office contact information found: (267) 624-4373 (Sarah Hart) and (267) 450-1713 (Jacqueline Smith). General contact form available at esquiresolutions.com/about-us/contact-us/. No specific email address listed for DC office. General inquiry line: 800.211.3376,/Users/nick/Desktop/depohire-src/src/data/listings/washington-dc.json
lexitas-washington-dc,Lexitas,washington-dc,DC,https://www.lexitaslegal.com/locations/washington-dc,,high,"website pages including contact, locations, and enterprise solutions","Multiple pages provide phone numbers (e.g., (202) 289-2260 for DC, 1-800-676-2401 general) and contact forms, but no email addresses found in search results.",/Users/nick/Desktop/depohire-src/src/data/listings/washington-dc.json
neal-r-gross-co-washington-dc,Neal R. Gross & Co.,washington-dc,DC,https://nealrgross.com/services-legal-videography-services/,info@nealrgross.com,high,website homepage https://nealrgross.com,Also found techsupport@nealrgross.com on schedule page for technical support.,/Users/nick/Desktop/depohire-src/src/data/listings/washington-dc.json
olender-reporting-washington-dc,Olender Reporting,washington-dc,DC,https://olenderreporting.com/services/video-services/,schedule@olenderreporting.com,high,website contact page and multiple pages on olenderreporting.com,Email address consistently listed across their website for scheduling deposition services and general inquiries,/Users/nick/Desktop/depohire-src/src/data/listings/washington-dc.json
planet-depos-washington-dc,Planet Depos,washington-dc,VA,https://planetdepos.com/locations/washington-dc,schedulenow@planetdepos.com,high,"Planet Depos Washington, D.C. location page (https://planetdepos.com/locations/washington-dc)","Multiple contact emails available: schedulenow@planetdepos.com for scheduling, transcripts@planetdepos.com for transcripts, and billing@planetdepos.com for billing. Phone: 888.433.3767",/Users/nick/Desktop/depohire-src/src/data/listings/washington-dc.json
veritext-legal-solutions-washington-dc,Veritext Legal Solutions,washington-dc,DC,https://veritext.com/dc/,dc@veritext.com,high,Veritext Washington DC office page (https://veritext.com/dc/),"Listed directly as the contact email for the Washington, DC office at 1250 I Street NW, Suite 901.",/Users/nick/Desktop/depohire-src/src/data/listings/washington-dc.json
